id,latest_ep,name,genre,status,score,review,publish_year,duration,link
3056,453/480,Độc Bộ Tiêu Dao,CN Animation,Đang tiến hành,7.4,664,2020,480 Tập,https://animehay.biz/thong-tin-phim/doc-bo-tieu-dao-3056.html
3056,453/480,Độc Bộ Tiêu Dao,Kiếm hiệp,Đang tiến hành,7.4,664,2020,480 Tập,https://animehay.biz/thong-tin-phim/doc-bo-tieu-dao-3056.html
3056,453/480,Độc Bộ Tiêu Dao,Huyền ảo,Đang tiến hành,7.4,664,2020,480 Tập,https://animehay.biz/thong-tin-phim/doc-bo-tieu-dao-3056.html
3056,453/480,Độc Bộ Tiêu Dao,Xuyên không,Đang tiến hành,7.4,664,2020,480 Tập,https://animehay.biz/thong-tin-phim/doc-bo-tieu-dao-3056.html
3056,453/480,Độc Bộ Tiêu Dao,Trùng sinh,Đang tiến hành,7.4,664,2020,480 Tập,https://animehay.biz/thong-tin-phim/doc-bo-tieu-dao-3056.html
4090,11/13,"""Oshi no Ko"" 2nd Season",Anime,Đang tiến hành,7.8,170,2024,13 Tập,https://animehay.biz/thong-tin-phim/oshi-no-ko-2nd-season-4090.html
4090,11/13,"""Oshi no Ko"" 2nd Season",Drama,Đang tiến hành,7.8,170,2024,13 Tập,https://animehay.biz/thong-tin-phim/oshi-no-ko-2nd-season-4090.html
4090,11/13,"""Oshi no Ko"" 2nd Season",Seinen,Đang tiến hành,7.8,170,2024,13 Tập,https://animehay.biz/thong-tin-phim/oshi-no-ko-2nd-season-4090.html
4090,11/13,"""Oshi no Ko"" 2nd Season",Siêu nhiên,Đang tiến hành,7.8,170,2024,13 Tập,https://animehay.biz/thong-tin-phim/oshi-no-ko-2nd-season-4090.html
4114,10/??,Kinnikuman Perfect Origin Arc,Anime,Đang tiến hành,2.4,26,2024,?? Tập,https://animehay.biz/thong-tin-phim/kinnikuman-perfect-origin-arc-4114.html
4114,10/??,Kinnikuman Perfect Origin Arc,Hài hước,Đang tiến hành,2.4,26,2024,?? Tập,https://animehay.biz/thong-tin-phim/kinnikuman-perfect-origin-arc-4114.html
4114,10/??,Kinnikuman Perfect Origin Arc,Thể thao,Đang tiến hành,2.4,26,2024,?? Tập,https://animehay.biz/thong-tin-phim/kinnikuman-perfect-origin-arc-4114.html
4123,10/??,Tasuuketsu,Anime,Đang tiến hành,3.2,32,2024,?? Tập,https://animehay.biz/thong-tin-phim/tasuuketsu-4123.html
4123,10/??,Tasuuketsu,Hành động,Đang tiến hành,3.2,32,2024,?? Tập,https://animehay.biz/thong-tin-phim/tasuuketsu-4123.html
4123,10/??,Tasuuketsu,Drama,Đang tiến hành,3.2,32,2024,?? Tập,https://animehay.biz/thong-tin-phim/tasuuketsu-4123.html
4122,10/??,Na Nare Hana Nare,Anime,Đang tiến hành,5.2,19,2024,?? Tập,https://animehay.biz/thong-tin-phim/na-nare-hana-nare-4122.html
4122,10/??,Na Nare Hana Nare,Thể thao,Đang tiến hành,5.2,19,2024,?? Tập,https://animehay.biz/thong-tin-phim/na-nare-hana-nare-4122.html
4029,24/??,Ookami to Koushinryou: merchant meets the wise wolf,Anime,Đang tiến hành,8.2,98,2024,?? Tập,https://animehay.biz/thong-tin-phim/ookami-to-koushinryou-merchant-meets-the-wise-wolf-4029.html
4029,24/??,Ookami to Koushinryou: merchant meets the wise wolf,Tình cảm,Đang tiến hành,8.2,98,2024,?? Tập,https://animehay.biz/thong-tin-phim/ookami-to-koushinryou-merchant-meets-the-wise-wolf-4029.html
4029,24/??,Ookami to Koushinryou: merchant meets the wise wolf,Giả tưởng,Đang tiến hành,8.2,98,2024,?? Tập,https://animehay.biz/thong-tin-phim/ookami-to-koushinryou-merchant-meets-the-wise-wolf-4029.html
4029,24/??,Ookami to Koushinryou: merchant meets the wise wolf,Lịch sử,Đang tiến hành,8.2,98,2024,?? Tập,https://animehay.biz/thong-tin-phim/ookami-to-koushinryou-merchant-meets-the-wise-wolf-4029.html
4029,24/??,Ookami to Koushinryou: merchant meets the wise wolf,Phiêu lưu,Đang tiến hành,8.2,98,2024,?? Tập,https://animehay.biz/thong-tin-phim/ookami-to-koushinryou-merchant-meets-the-wise-wolf-4029.html
4112,11/??,Katsute Mahou Shoujo to Aku wa Tekitai Shiteita,Anime,Đang tiến hành,8.2,63,2024,?? Tập,https://animehay.biz/thong-tin-phim/katsute-mahou-shoujo-to-aku-wa-tekitai-shiteita-4112.html
4112,11/??,Katsute Mahou Shoujo to Aku wa Tekitai Shiteita,Tình cảm,Đang tiến hành,8.2,63,2024,?? Tập,https://animehay.biz/thong-tin-phim/katsute-mahou-shoujo-to-aku-wa-tekitai-shiteita-4112.html
4112,11/??,Katsute Mahou Shoujo to Aku wa Tekitai Shiteita,Siêu nhiên,Đang tiến hành,8.2,63,2024,?? Tập,https://animehay.biz/thong-tin-phim/katsute-mahou-shoujo-to-aku-wa-tekitai-shiteita-4112.html
4119,11/??,Isekai Shikkaku,Anime,Đang tiến hành,8.3,111,2024,?? Tập,https://animehay.biz/thong-tin-phim/isekai-shikkaku-4119.html
4119,11/??,Isekai Shikkaku,Hành động,Đang tiến hành,8.3,111,2024,?? Tập,https://animehay.biz/thong-tin-phim/isekai-shikkaku-4119.html
4119,11/??,Isekai Shikkaku,Hài hước,Đang tiến hành,8.3,111,2024,?? Tập,https://animehay.biz/thong-tin-phim/isekai-shikkaku-4119.html
4119,11/??,Isekai Shikkaku,Phiêu lưu,Đang tiến hành,8.3,111,2024,?? Tập,https://animehay.biz/thong-tin-phim/isekai-shikkaku-4119.html
4133,9/??,Trảm Thần,CN Animation,Đang tiến hành,9.4,245,2024,?? Tập,https://animehay.biz/thong-tin-phim/tram-than-4133.html
4131,8/26,Kiếm Lai,CN Animation,Đang tiến hành,9.4,415,2024,26 Tập,https://animehay.biz/thong-tin-phim/kiem-lai-4131.html
4131,8/26,Kiếm Lai,Tiên hiệp,Đang tiến hành,9.4,415,2024,26 Tập,https://animehay.biz/thong-tin-phim/kiem-lai-4131.html
4131,8/26,Kiếm Lai,Huyền ảo,Đang tiến hành,9.4,415,2024,26 Tập,https://animehay.biz/thong-tin-phim/kiem-lai-4131.html
3717,167/260,Luyện Khí Mười Vạn Năm,CN Animation,Đang tiến hành,8.5,699,2023,260 Tập,https://animehay.biz/thong-tin-phim/luyen-khi-muoi-van-nam-3717.html
3717,167/260,Luyện Khí Mười Vạn Năm,Tiên hiệp,Đang tiến hành,8.5,699,2023,260 Tập,https://animehay.biz/thong-tin-phim/luyen-khi-muoi-van-nam-3717.html
3717,167/260,Luyện Khí Mười Vạn Năm,Huyền ảo,Đang tiến hành,8.5,699,2023,260 Tập,https://animehay.biz/thong-tin-phim/luyen-khi-muoi-van-nam-3717.html
3055,478/496,Võ Thần Chúa Tể,CN Animation,Đang tiến hành,8.5,1121,2020,496 Tập,https://animehay.biz/thong-tin-phim/vo-than-chua-te-3055.html
3055,478/496,Võ Thần Chúa Tể,Tiên hiệp,Đang tiến hành,8.5,1121,2020,496 Tập,https://animehay.biz/thong-tin-phim/vo-than-chua-te-3055.html
3055,478/496,Võ Thần Chúa Tể,Xuyên không,Đang tiến hành,8.5,1121,2020,496 Tập,https://animehay.biz/thong-tin-phim/vo-than-chua-te-3055.html
3055,478/496,Võ Thần Chúa Tể,Trùng sinh,Đang tiến hành,8.5,1121,2020,496 Tập,https://animehay.biz/thong-tin-phim/vo-than-chua-te-3055.html
3055,478/496,Võ Thần Chúa Tể,Huyền ảo,Đang tiến hành,8.5,1121,2020,496 Tập,https://animehay.biz/thong-tin-phim/vo-than-chua-te-3055.html
3084,121/135,Nhất Niệm Vĩnh Hằng,CN Animation,Đang tiến hành,9.0,2266,2020,135 Tập,https://animehay.biz/thong-tin-phim/nhat-niem-vinh-hang-3084.html
3084,121/135,Nhất Niệm Vĩnh Hằng,Tiên hiệp,Đang tiến hành,9.0,2266,2020,135 Tập,https://animehay.biz/thong-tin-phim/nhat-niem-vinh-hang-3084.html
3084,121/135,Nhất Niệm Vĩnh Hằng,Huyền ảo,Đang tiến hành,9.0,2266,2020,135 Tập,https://animehay.biz/thong-tin-phim/nhat-niem-vinh-hang-3084.html
3787,75/104,Già Thiên,CN Animation,Đang tiến hành,8.7,1354,2023,104 Tập,https://animehay.biz/thong-tin-phim/gia-thien-3787.html
3787,75/104,Già Thiên,Tiên hiệp,Đang tiến hành,8.7,1354,2023,104 Tập,https://animehay.biz/thong-tin-phim/gia-thien-3787.html
3787,75/104,Già Thiên,Xuyên không,Đang tiến hành,8.7,1354,2023,104 Tập,https://animehay.biz/thong-tin-phim/gia-thien-3787.html
3787,75/104,Già Thiên,Huyền ảo,Đang tiến hành,8.7,1354,2023,104 Tập,https://animehay.biz/thong-tin-phim/gia-thien-3787.html
3231,270/274,Vạn Giới Độc Tôn,CN Animation,Đang tiến hành,8.1,552,2021,274 Tập,https://animehay.biz/thong-tin-phim/van-gioi-doc-ton-3231.html
3231,270/274,Vạn Giới Độc Tôn,Kiếm hiệp,Đang tiến hành,8.1,552,2021,274 Tập,https://animehay.biz/thong-tin-phim/van-gioi-doc-ton-3231.html
3231,270/274,Vạn Giới Độc Tôn,Huyền ảo,Đang tiến hành,8.1,552,2021,274 Tập,https://animehay.biz/thong-tin-phim/van-gioi-doc-ton-3231.html
3231,270/274,Vạn Giới Độc Tôn,Dị giới,Đang tiến hành,8.1,552,2021,274 Tập,https://animehay.biz/thong-tin-phim/van-gioi-doc-ton-3231.html
4043,24/??,Mission: Yozakura Family,Anime,Đang tiến hành,8.4,148,2024,?? Tập,https://animehay.biz/thong-tin-phim/mission-yozakura-family-4043.html
4043,24/??,Mission: Yozakura Family,Hành động,Đang tiến hành,8.4,148,2024,?? Tập,https://animehay.biz/thong-tin-phim/mission-yozakura-family-4043.html
4043,24/??,Mission: Yozakura Family,Hài hước,Đang tiến hành,8.4,148,2024,?? Tập,https://animehay.biz/thong-tin-phim/mission-yozakura-family-4043.html
4043,24/??,Mission: Yozakura Family,Tình cảm,Đang tiến hành,8.4,148,2024,?? Tập,https://animehay.biz/thong-tin-phim/mission-yozakura-family-4043.html
4043,24/??,Mission: Yozakura Family,Siêu năng lực,Đang tiến hành,8.4,148,2024,?? Tập,https://animehay.biz/thong-tin-phim/mission-yozakura-family-4043.html
4089,11/??,"Shinmai Ossan Bouken-sha, Saikyou Party ni Shinu Hodo Kitaerarete Muteki ni Naru",Hành động,Đang tiến hành,7.6,143,2024,?? Tập,https://animehay.biz/thong-tin-phim/shinmai-ossan-bouken-sha-saikyou-party-ni-shinu-hodo-kitaerarete-muteki-ni-naru-4089.html
4089,11/??,"Shinmai Ossan Bouken-sha, Saikyou Party ni Shinu Hodo Kitaerarete Muteki ni Naru",Hài hước,Đang tiến hành,7.6,143,2024,?? Tập,https://animehay.biz/thong-tin-phim/shinmai-ossan-bouken-sha-saikyou-party-ni-shinu-hodo-kitaerarete-muteki-ni-naru-4089.html
4089,11/??,"Shinmai Ossan Bouken-sha, Saikyou Party ni Shinu Hodo Kitaerarete Muteki ni Naru",Phiêu lưu,Đang tiến hành,7.6,143,2024,?? Tập,https://animehay.biz/thong-tin-phim/shinmai-ossan-bouken-sha-saikyou-party-ni-shinu-hodo-kitaerarete-muteki-ni-naru-4089.html
4095,11/??,Ore wa Subete wo [Parry] Suru: Gyaku Kanchigai no Sekai Saikyou wa Boukensha ni Naritai,Anime,Đang tiến hành,8.3,191,2024,?? Tập,https://animehay.biz/thong-tin-phim/ore-wa-subete-wo-parry-suru-gyaku-kanchigai-no-sekai-saikyou-wa-boukensha-ni-naritai-4095.html
4095,11/??,Ore wa Subete wo [Parry] Suru: Gyaku Kanchigai no Sekai Saikyou wa Boukensha ni Naritai,Hành động,Đang tiến hành,8.3,191,2024,?? Tập,https://animehay.biz/thong-tin-phim/ore-wa-subete-wo-parry-suru-gyaku-kanchigai-no-sekai-saikyou-wa-boukensha-ni-naritai-4095.html
4095,11/??,Ore wa Subete wo [Parry] Suru: Gyaku Kanchigai no Sekai Saikyou wa Boukensha ni Naritai,Siêu nhiên,Đang tiến hành,8.3,191,2024,?? Tập,https://animehay.biz/thong-tin-phim/ore-wa-subete-wo-parry-suru-gyaku-kanchigai-no-sekai-saikyou-wa-boukensha-ni-naritai-4095.html
4095,11/??,Ore wa Subete wo [Parry] Suru: Gyaku Kanchigai no Sekai Saikyou wa Boukensha ni Naritai,Phiêu lưu,Đang tiến hành,8.3,191,2024,?? Tập,https://animehay.biz/thong-tin-phim/ore-wa-subete-wo-parry-suru-gyaku-kanchigai-no-sekai-saikyou-wa-boukensha-ni-naritai-4095.html
4110,11/??,Midnight Punch,Anime,Đang tiến hành,5.7,38,2024,?? Tập,https://animehay.biz/thong-tin-phim/midnight-punch-4110.html
4110,11/??,Midnight Punch,Hài hước,Đang tiến hành,5.7,38,2024,?? Tập,https://animehay.biz/thong-tin-phim/midnight-punch-4110.html
4110,11/??,Midnight Punch,Đời thường,Đang tiến hành,5.7,38,2024,?? Tập,https://animehay.biz/thong-tin-phim/midnight-punch-4110.html
3892,23/??,Shy,Anime,Đang tiến hành,5.2,71,2023,?? Tập,https://animehay.biz/thong-tin-phim/shy-3892.html
3892,23/??,Shy,Hành động,Đang tiến hành,5.2,71,2023,?? Tập,https://animehay.biz/thong-tin-phim/shy-3892.html
3892,23/??,Shy,Siêu năng lực,Đang tiến hành,5.2,71,2023,?? Tập,https://animehay.biz/thong-tin-phim/shy-3892.html
3892,23/??,Shy,Drama,Đang tiến hành,5.2,71,2023,?? Tập,https://animehay.biz/thong-tin-phim/shy-3892.html
3397,137/156,Thôn Phệ Tinh Không,CN Animation,Đang tiến hành,9.7,4517,2021,156 Tập,https://animehay.biz/thong-tin-phim/thon-phe-tinh-khong-3397.html
3397,137/156,Thôn Phệ Tinh Không,Huyền ảo,Đang tiến hành,9.7,4517,2021,156 Tập,https://animehay.biz/thong-tin-phim/thon-phe-tinh-khong-3397.html
3397,137/156,Thôn Phệ Tinh Không,Khoa huyễn,Đang tiến hành,9.7,4517,2021,156 Tập,https://animehay.biz/thong-tin-phim/thon-phe-tinh-khong-3397.html
3300,341/380,Nghịch Thiên Chí Tôn,CN Animation,Đang tiến hành,7.5,584,2021,380 Tập,https://animehay.biz/thong-tin-phim/nghich-thien-chi-ton-3300.html
3300,341/380,Nghịch Thiên Chí Tôn,Tiên hiệp,Đang tiến hành,7.5,584,2021,380 Tập,https://animehay.biz/thong-tin-phim/nghich-thien-chi-ton-3300.html
3300,341/380,Nghịch Thiên Chí Tôn,Trùng sinh,Đang tiến hành,7.5,584,2021,380 Tập,https://animehay.biz/thong-tin-phim/nghich-thien-chi-ton-3300.html
3051,419/464,Vô Thượng Thần Đế,CN Animation,Đang tiến hành,8.0,749,2020,464 Tập,https://animehay.biz/thong-tin-phim/vo-thuong-than-de-3051.html
3051,419/464,Vô Thượng Thần Đế,Tiên hiệp,Đang tiến hành,8.0,749,2020,464 Tập,https://animehay.biz/thong-tin-phim/vo-thuong-than-de-3051.html
3051,419/464,Vô Thượng Thần Đế,Trùng sinh,Đang tiến hành,8.0,749,2020,464 Tập,https://animehay.biz/thong-tin-phim/vo-thuong-than-de-3051.html
3051,419/464,Vô Thượng Thần Đế,Huyền ảo,Đang tiến hành,8.0,749,2020,464 Tập,https://animehay.biz/thong-tin-phim/vo-thuong-than-de-3051.html
4104,11/??,Tower of God Season 2,Anime,Đang tiến hành,8.6,149,2024,?? Tập,https://animehay.biz/thong-tin-phim/tower-of-god-season-2-4104.html
4104,11/??,Tower of God Season 2,Hành động,Đang tiến hành,8.6,149,2024,?? Tập,https://animehay.biz/thong-tin-phim/tower-of-god-season-2-4104.html
4104,11/??,Tower of God Season 2,Bí ẩn,Đang tiến hành,8.6,149,2024,?? Tập,https://animehay.biz/thong-tin-phim/tower-of-god-season-2-4104.html
4104,11/??,Tower of God Season 2,Giả tưởng,Đang tiến hành,8.6,149,2024,?? Tập,https://animehay.biz/thong-tin-phim/tower-of-god-season-2-4104.html
4104,11/??,Tower of God Season 2,Drama,Đang tiến hành,8.6,149,2024,?? Tập,https://animehay.biz/thong-tin-phim/tower-of-god-season-2-4104.html
4104,11/??,Tower of God Season 2,Phiêu lưu,Đang tiến hành,8.6,149,2024,?? Tập,https://animehay.biz/thong-tin-phim/tower-of-god-season-2-4104.html
4130,11/??,Madougushi Dahliya wa Utsumukanai,Anime,Đang tiến hành,7.1,32,2024,?? Tập,https://animehay.biz/thong-tin-phim/madougushi-dahliya-wa-utsumukanai-4130.html
4130,11/??,Madougushi Dahliya wa Utsumukanai,Giả tưởng,Đang tiến hành,7.1,32,2024,?? Tập,https://animehay.biz/thong-tin-phim/madougushi-dahliya-wa-utsumukanai-4130.html
4130,11/??,Madougushi Dahliya wa Utsumukanai,Đời thường,Đang tiến hành,7.1,32,2024,?? Tập,https://animehay.biz/thong-tin-phim/madougushi-dahliya-wa-utsumukanai-4130.html
4130,11/??,Madougushi Dahliya wa Utsumukanai,Dị giới,Đang tiến hành,7.1,32,2024,?? Tập,https://animehay.biz/thong-tin-phim/madougushi-dahliya-wa-utsumukanai-4130.html
4129,9/??,Monogatari Series: Off & Monster Season,Anime,Đang tiến hành,7.7,28,2024,?? Tập,https://animehay.biz/thong-tin-phim/monogatari-series-off-monster-season-4129.html
4129,9/??,Monogatari Series: Off & Monster Season,Hài hước,Đang tiến hành,7.7,28,2024,?? Tập,https://animehay.biz/thong-tin-phim/monogatari-series-off-monster-season-4129.html
4129,9/??,Monogatari Series: Off & Monster Season,Bí ẩn,Đang tiến hành,7.7,28,2024,?? Tập,https://animehay.biz/thong-tin-phim/monogatari-series-off-monster-season-4129.html
4129,9/??,Monogatari Series: Off & Monster Season,Siêu nhiên,Đang tiến hành,7.7,28,2024,?? Tập,https://animehay.biz/thong-tin-phim/monogatari-series-off-monster-season-4129.html
4129,9/??,Monogatari Series: Off & Monster Season,Ma cà rồng,Đang tiến hành,7.7,28,2024,?? Tập,https://animehay.biz/thong-tin-phim/monogatari-series-off-monster-season-4129.html
4127,10/??,Ramen Akaneko,Anime,Đang tiến hành,7.0,12,2024,?? Tập,https://animehay.biz/thong-tin-phim/ramen-akaneko-4127.html
4127,10/??,Ramen Akaneko,Hài hước,Đang tiến hành,7.0,12,2024,?? Tập,https://animehay.biz/thong-tin-phim/ramen-akaneko-4127.html
4127,10/??,Ramen Akaneko,Shounen,Đang tiến hành,7.0,12,2024,?? Tập,https://animehay.biz/thong-tin-phim/ramen-akaneko-4127.html
4054,23/??,The Fable,Anime,Đang tiến hành,6.8,35,2024,?? Tập,https://animehay.biz/thong-tin-phim/the-fable-4054.html
4054,23/??,The Fable,Hài hước,Đang tiến hành,6.8,35,2024,?? Tập,https://animehay.biz/thong-tin-phim/the-fable-4054.html
4054,23/??,The Fable,Seinen,Đang tiến hành,6.8,35,2024,?? Tập,https://animehay.biz/thong-tin-phim/the-fable-4054.html
4108,11/??,VTuber Legend: How I Went Viral after Forgetting to Turn Off My Stream,Anime,Đang tiến hành,6.5,47,2024,?? Tập,https://animehay.biz/thong-tin-phim/vtuber-legend-how-i-went-viral-after-forgetting-to-turn-off-my-stream-4108.html
4108,11/??,VTuber Legend: How I Went Viral after Forgetting to Turn Off My Stream,Hài hước,Đang tiến hành,6.5,47,2024,?? Tập,https://animehay.biz/thong-tin-phim/vtuber-legend-how-i-went-viral-after-forgetting-to-turn-off-my-stream-4108.html
4108,11/??,VTuber Legend: How I Went Viral after Forgetting to Turn Off My Stream,Tình cảm,Đang tiến hành,6.5,47,2024,?? Tập,https://animehay.biz/thong-tin-phim/vtuber-legend-how-i-went-viral-after-forgetting-to-turn-off-my-stream-4108.html
4108,11/??,VTuber Legend: How I Went Viral after Forgetting to Turn Off My Stream,Giả tưởng,Đang tiến hành,6.5,47,2024,?? Tập,https://animehay.biz/thong-tin-phim/vtuber-legend-how-i-went-viral-after-forgetting-to-turn-off-my-stream-4108.html
4108,11/??,VTuber Legend: How I Went Viral after Forgetting to Turn Off My Stream,Đời thường,Đang tiến hành,6.5,47,2024,?? Tập,https://animehay.biz/thong-tin-phim/vtuber-legend-how-i-went-viral-after-forgetting-to-turn-off-my-stream-4108.html
4109,12/??,Isekai Yururi Kikou: Kosodate Shinagara Boukensha Shimasu,Anime,Đang tiến hành,7.3,99,2024,?? Tập,https://animehay.biz/thong-tin-phim/isekai-yururi-kikou-kosodate-shinagara-boukensha-shimasu-4109.html
4109,12/??,Isekai Yururi Kikou: Kosodate Shinagara Boukensha Shimasu,Hành động,Đang tiến hành,7.3,99,2024,?? Tập,https://animehay.biz/thong-tin-phim/isekai-yururi-kikou-kosodate-shinagara-boukensha-shimasu-4109.html
4109,12/??,Isekai Yururi Kikou: Kosodate Shinagara Boukensha Shimasu,Hài hước,Đang tiến hành,7.3,99,2024,?? Tập,https://animehay.biz/thong-tin-phim/isekai-yururi-kikou-kosodate-shinagara-boukensha-shimasu-4109.html
4109,12/??,Isekai Yururi Kikou: Kosodate Shinagara Boukensha Shimasu,Phiêu lưu,Đang tiến hành,7.3,99,2024,?? Tập,https://animehay.biz/thong-tin-phim/isekai-yururi-kikou-kosodate-shinagara-boukensha-shimasu-4109.html
4109,12/??,Isekai Yururi Kikou: Kosodate Shinagara Boukensha Shimasu,Dị giới,Đang tiến hành,7.3,99,2024,?? Tập,https://animehay.biz/thong-tin-phim/isekai-yururi-kikou-kosodate-shinagara-boukensha-shimasu-4109.html
4107,10/??,Wistoria: Wand and Sword,Anime,Đang tiến hành,8.6,242,2024,?? Tập,https://animehay.biz/thong-tin-phim/wistoria-wand-and-sword-4107.html
4107,10/??,Wistoria: Wand and Sword,Hành động,Đang tiến hành,8.6,242,2024,?? Tập,https://animehay.biz/thong-tin-phim/wistoria-wand-and-sword-4107.html
4107,10/??,Wistoria: Wand and Sword,Học đường,Đang tiến hành,8.6,242,2024,?? Tập,https://animehay.biz/thong-tin-phim/wistoria-wand-and-sword-4107.html
4107,10/??,Wistoria: Wand and Sword,Siêu nhiên,Đang tiến hành,8.6,242,2024,?? Tập,https://animehay.biz/thong-tin-phim/wistoria-wand-and-sword-4107.html
4107,10/??,Wistoria: Wand and Sword,Phiêu lưu,Đang tiến hành,8.6,242,2024,?? Tập,https://animehay.biz/thong-tin-phim/wistoria-wand-and-sword-4107.html
4103,11/??,Fairy Tail: 100 Years Quest,Anime,Đang tiến hành,9.4,220,2024,?? Tập,https://animehay.biz/thong-tin-phim/fairy-tail-100-years-quest-4103.html
4103,11/??,Fairy Tail: 100 Years Quest,Hành động,Đang tiến hành,9.4,220,2024,?? Tập,https://animehay.biz/thong-tin-phim/fairy-tail-100-years-quest-4103.html
4103,11/??,Fairy Tail: 100 Years Quest,Giả tưởng,Đang tiến hành,9.4,220,2024,?? Tập,https://animehay.biz/thong-tin-phim/fairy-tail-100-years-quest-4103.html
4103,11/??,Fairy Tail: 100 Years Quest,Phiêu lưu,Đang tiến hành,9.4,220,2024,?? Tập,https://animehay.biz/thong-tin-phim/fairy-tail-100-years-quest-4103.html
3879,54/76,Tiên Nghịch,CN Animation,Đang tiến hành,9.3,1232,2023,76 Tập,https://animehay.biz/thong-tin-phim/tien-nghich-3879.html
3879,54/76,Tiên Nghịch,Tiên hiệp,Đang tiến hành,9.3,1232,2023,76 Tập,https://animehay.biz/thong-tin-phim/tien-nghich-3879.html
3879,54/76,Tiên Nghịch,Huyền ảo,Đang tiến hành,9.3,1232,2023,76 Tập,https://animehay.biz/thong-tin-phim/tien-nghich-3879.html
3723,79/182,Tiên Võ Truyện,CN Animation,Đang tiến hành,8.4,435,2023,182 Tập,https://animehay.biz/thong-tin-phim/tien-vo-truyen-3723.html
3723,79/182,Tiên Võ Truyện,Tiên hiệp,Đang tiến hành,8.4,435,2023,182 Tập,https://animehay.biz/thong-tin-phim/tien-vo-truyen-3723.html
3723,79/182,Tiên Võ Truyện,Huyền ảo,Đang tiến hành,8.4,435,2023,182 Tập,https://animehay.biz/thong-tin-phim/tien-vo-truyen-3723.html
34,1119/??,One Piece,Anime,Đang tiến hành,9.0,16360,1999,?? Tập,https://animehay.biz/thong-tin-phim/one-piece-34.html
34,1119/??,One Piece,Hành động,Đang tiến hành,9.0,16360,1999,?? Tập,https://animehay.biz/thong-tin-phim/one-piece-34.html
34,1119/??,One Piece,Hài hước,Đang tiến hành,9.0,16360,1999,?? Tập,https://animehay.biz/thong-tin-phim/one-piece-34.html
34,1119/??,One Piece,Phiêu lưu,Đang tiến hành,9.0,16360,1999,?? Tập,https://animehay.biz/thong-tin-phim/one-piece-34.html
34,1119/??,One Piece,Shounen,Đang tiến hành,9.0,16360,1999,?? Tập,https://animehay.biz/thong-tin-phim/one-piece-34.html
34,1119/??,One Piece,Drama,Đang tiến hành,9.0,16360,1999,?? Tập,https://animehay.biz/thong-tin-phim/one-piece-34.html
4120,10/??,Koi wa Futago de Warikirenai,Anime,Đang tiến hành,6.4,40,2024,?? Tập,https://animehay.biz/thong-tin-phim/koi-wa-futago-de-warikirenai-4120.html
4120,10/??,Koi wa Futago de Warikirenai,Hài hước,Đang tiến hành,6.4,40,2024,?? Tập,https://animehay.biz/thong-tin-phim/koi-wa-futago-de-warikirenai-4120.html
4120,10/??,Koi wa Futago de Warikirenai,Tình cảm,Đang tiến hành,6.4,40,2024,?? Tập,https://animehay.biz/thong-tin-phim/koi-wa-futago-de-warikirenai-4120.html
4117,10/??,Makeine: Too Many Losing Heroines!,Anime,Đang tiến hành,8.7,107,2024,?? Tập,https://animehay.biz/thong-tin-phim/makeine-too-many-losing-heroines-4117.html
4117,10/??,Makeine: Too Many Losing Heroines!,Tình cảm,Đang tiến hành,8.7,107,2024,?? Tập,https://animehay.biz/thong-tin-phim/makeine-too-many-losing-heroines-4117.html
4117,10/??,Makeine: Too Many Losing Heroines!,Học đường,Đang tiến hành,8.7,107,2024,?? Tập,https://animehay.biz/thong-tin-phim/makeine-too-many-losing-heroines-4117.html
4117,10/??,Makeine: Too Many Losing Heroines!,Đời thường,Đang tiến hành,8.7,107,2024,?? Tập,https://animehay.biz/thong-tin-phim/makeine-too-many-losing-heroines-4117.html
4116,10/??,Atri: My Dear Moments,Anime,Đang tiến hành,7.5,41,2024,?? Tập,https://animehay.biz/thong-tin-phim/atri-my-dear-moments-4116.html
4116,10/??,Atri: My Dear Moments,Tình cảm,Đang tiến hành,7.5,41,2024,?? Tập,https://animehay.biz/thong-tin-phim/atri-my-dear-moments-4116.html
4116,10/??,Atri: My Dear Moments,Drama,Đang tiến hành,7.5,41,2024,?? Tập,https://animehay.biz/thong-tin-phim/atri-my-dear-moments-4116.html
4102,12/12,Mob kara Hajimaru Tansaku Eiyuutan,Anime,Đang tiến hành,7.4,117,2024,12 Tập,https://animehay.biz/thong-tin-phim/mob-kara-hajimaru-tansaku-eiyuutan-4102.html
4102,12/12,Mob kara Hajimaru Tansaku Eiyuutan,Hành động,Đang tiến hành,7.4,117,2024,12 Tập,https://animehay.biz/thong-tin-phim/mob-kara-hajimaru-tansaku-eiyuutan-4102.html
4102,12/12,Mob kara Hajimaru Tansaku Eiyuutan,Harem,Đang tiến hành,7.4,117,2024,12 Tập,https://animehay.biz/thong-tin-phim/mob-kara-hajimaru-tansaku-eiyuutan-4102.html
4102,12/12,Mob kara Hajimaru Tansaku Eiyuutan,Siêu nhiên,Đang tiến hành,7.4,117,2024,12 Tập,https://animehay.biz/thong-tin-phim/mob-kara-hajimaru-tansaku-eiyuutan-4102.html
4102,12/12,Mob kara Hajimaru Tansaku Eiyuutan,Phiêu lưu,Đang tiến hành,7.4,117,2024,12 Tập,https://animehay.biz/thong-tin-phim/mob-kara-hajimaru-tansaku-eiyuutan-4102.html
4115,10/??,Synonyms: Why Nobody Remembers My World?,Anime,Đang tiến hành,7.5,84,2024,?? Tập,https://animehay.biz/thong-tin-phim/synonyms-why-nobody-remembers-my-world-4115.html
4115,10/??,Synonyms: Why Nobody Remembers My World?,Hành động,Đang tiến hành,7.5,84,2024,?? Tập,https://animehay.biz/thong-tin-phim/synonyms-why-nobody-remembers-my-world-4115.html
4115,10/??,Synonyms: Why Nobody Remembers My World?,Siêu nhiên,Đang tiến hành,7.5,84,2024,?? Tập,https://animehay.biz/thong-tin-phim/synonyms-why-nobody-remembers-my-world-4115.html
4115,10/??,Synonyms: Why Nobody Remembers My World?,Phiêu lưu,Đang tiến hành,7.5,84,2024,?? Tập,https://animehay.biz/thong-tin-phim/synonyms-why-nobody-remembers-my-world-4115.html
4106,10/??,Shoshimin: How to Become Ordinary,Anime,Đang tiến hành,7.2,48,2024,?? Tập,https://animehay.biz/thong-tin-phim/shoshimin-how-to-become-ordinary-4106.html
4106,10/??,Shoshimin: How to Become Ordinary,Học đường,Đang tiến hành,7.2,48,2024,?? Tập,https://animehay.biz/thong-tin-phim/shoshimin-how-to-become-ordinary-4106.html
4106,10/??,Shoshimin: How to Become Ordinary,Đời thường,Đang tiến hành,7.2,48,2024,?? Tập,https://animehay.biz/thong-tin-phim/shoshimin-how-to-become-ordinary-4106.html
4101,11/??,Tensui no Sakuna-hime,Anime,Đang tiến hành,5.1,26,2024,?? Tập,https://animehay.biz/thong-tin-phim/tensui-no-sakuna-hime-4101.html
4101,11/??,Tensui no Sakuna-hime,Hành động,Đang tiến hành,5.1,26,2024,?? Tập,https://animehay.biz/thong-tin-phim/tensui-no-sakuna-hime-4101.html
4101,11/??,Tensui no Sakuna-hime,Siêu nhiên,Đang tiến hành,5.1,26,2024,?? Tập,https://animehay.biz/thong-tin-phim/tensui-no-sakuna-hime-4101.html
3774,65/??,Pokémon Horizons: The Series,Anime,Đang tiến hành,5.3,202,2023,?? Tập,https://animehay.biz/thong-tin-phim/pokemon-horizons-the-series-3774.html
3774,65/??,Pokémon Horizons: The Series,Hành động,Đang tiến hành,5.3,202,2023,?? Tập,https://animehay.biz/thong-tin-phim/pokemon-horizons-the-series-3774.html
3774,65/??,Pokémon Horizons: The Series,Hài hước,Đang tiến hành,5.3,202,2023,?? Tập,https://animehay.biz/thong-tin-phim/pokemon-horizons-the-series-3774.html
3774,65/??,Pokémon Horizons: The Series,Phiêu lưu,Đang tiến hành,5.3,202,2023,?? Tập,https://animehay.biz/thong-tin-phim/pokemon-horizons-the-series-3774.html
4069,17/??,Boku no Hero Academia 7th Season,Anime,Đang tiến hành,8.9,180,2024,?? Tập,https://animehay.biz/thong-tin-phim/boku-no-hero-academia-7th-season-4069.html
4069,17/??,Boku no Hero Academia 7th Season,Hành động,Đang tiến hành,8.9,180,2024,?? Tập,https://animehay.biz/thong-tin-phim/boku-no-hero-academia-7th-season-4069.html
4069,17/??,Boku no Hero Academia 7th Season,Học đường,Đang tiến hành,8.9,180,2024,?? Tập,https://animehay.biz/thong-tin-phim/boku-no-hero-academia-7th-season-4069.html
4069,17/??,Boku no Hero Academia 7th Season,Siêu năng lực,Đang tiến hành,8.9,180,2024,?? Tập,https://animehay.biz/thong-tin-phim/boku-no-hero-academia-7th-season-4069.html
4069,17/??,Boku no Hero Academia 7th Season,Shounen,Đang tiến hành,8.9,180,2024,?? Tập,https://animehay.biz/thong-tin-phim/boku-no-hero-academia-7th-season-4069.html
3518,112/157,Đấu Phá Thương Khung Phần 5,CN Animation,Đang tiến hành,9.0,2450,2022,157 Tập,https://animehay.biz/thong-tin-phim/dau-pha-thuong-khung-phan-5-3518.html
3518,112/157,Đấu Phá Thương Khung Phần 5,Huyền ảo,Đang tiến hành,9.0,2450,2022,157 Tập,https://animehay.biz/thong-tin-phim/dau-pha-thuong-khung-phan-5-3518.html
4035,22/24,Tensei shitara Slime Datta Ken 3rd Season,Anime,Đang tiến hành,8.8,463,2024,24 Tập,https://animehay.biz/thong-tin-phim/tensei-shitara-slime-datta-ken-3rd-season-4035.html
4035,22/24,Tensei shitara Slime Datta Ken 3rd Season,Hành động,Đang tiến hành,8.8,463,2024,24 Tập,https://animehay.biz/thong-tin-phim/tensei-shitara-slime-datta-ken-3rd-season-4035.html
4035,22/24,Tensei shitara Slime Datta Ken 3rd Season,Hài hước,Đang tiến hành,8.8,463,2024,24 Tập,https://animehay.biz/thong-tin-phim/tensei-shitara-slime-datta-ken-3rd-season-4035.html
4035,22/24,Tensei shitara Slime Datta Ken 3rd Season,Giả tưởng,Đang tiến hành,8.8,463,2024,24 Tập,https://animehay.biz/thong-tin-phim/tensei-shitara-slime-datta-ken-3rd-season-4035.html
4035,22/24,Tensei shitara Slime Datta Ken 3rd Season,Shounen,Đang tiến hành,8.8,463,2024,24 Tập,https://animehay.biz/thong-tin-phim/tensei-shitara-slime-datta-ken-3rd-season-4035.html
4035,22/24,Tensei shitara Slime Datta Ken 3rd Season,Phiêu lưu,Đang tiến hành,8.8,463,2024,24 Tập,https://animehay.biz/thong-tin-phim/tensei-shitara-slime-datta-ken-3rd-season-4035.html
4135,3/3,Thế Giới Hoàn Mỹ OVA Hỏa chi Hôi Tẫn,CN Animation,Hoàn thành,9.2,71,2024,3 Tập,https://animehay.biz/thong-tin-phim/the-gioi-hoan-my-ova-hoa-chi-hoi-tan-4135.html
4135,3/3,Thế Giới Hoàn Mỹ OVA Hỏa chi Hôi Tẫn,Tiên hiệp,Hoàn thành,9.2,71,2024,3 Tập,https://animehay.biz/thong-tin-phim/the-gioi-hoan-my-ova-hoa-chi-hoi-tan-4135.html
4135,3/3,Thế Giới Hoàn Mỹ OVA Hỏa chi Hôi Tẫn,Huyền ảo,Hoàn thành,9.2,71,2024,3 Tập,https://animehay.biz/thong-tin-phim/the-gioi-hoan-my-ova-hoa-chi-hoi-tan-4135.html
3682,22/24,NieR:Automata Ver1.1a,Anime,Đang tiến hành,8.3,193,2023,24 Tập,https://animehay.biz/thong-tin-phim/nier-automata-ver1-1a-3682.html
3682,22/24,NieR:Automata Ver1.1a,Hành động,Đang tiến hành,8.3,193,2023,24 Tập,https://animehay.biz/thong-tin-phim/nier-automata-ver1-1a-3682.html
3682,22/24,NieR:Automata Ver1.1a,Giả tưởng,Đang tiến hành,8.3,193,2023,24 Tập,https://animehay.biz/thong-tin-phim/nier-automata-ver1-1a-3682.html
3682,22/24,NieR:Automata Ver1.1a,Viễn tưởng,Đang tiến hành,8.3,193,2023,24 Tập,https://animehay.biz/thong-tin-phim/nier-automata-ver1-1a-3682.html
4100,11/24,2.5-jigen no Ririsa,Anime,Đang tiến hành,8.4,97,2024,24 Tập,https://animehay.biz/thong-tin-phim/2-5-jigen-no-ririsa-4100.html
4100,11/24,2.5-jigen no Ririsa,Hài hước,Đang tiến hành,8.4,97,2024,24 Tập,https://animehay.biz/thong-tin-phim/2-5-jigen-no-ririsa-4100.html
4100,11/24,2.5-jigen no Ririsa,Harem,Đang tiến hành,8.4,97,2024,24 Tập,https://animehay.biz/thong-tin-phim/2-5-jigen-no-ririsa-4100.html
4100,11/24,2.5-jigen no Ririsa,Học đường,Đang tiến hành,8.4,97,2024,24 Tập,https://animehay.biz/thong-tin-phim/2-5-jigen-no-ririsa-4100.html
4100,11/24,2.5-jigen no Ririsa,Đời thường,Đang tiến hành,8.4,97,2024,24 Tập,https://animehay.biz/thong-tin-phim/2-5-jigen-no-ririsa-4100.html
4100,11/24,2.5-jigen no Ririsa,Ecchi,Đang tiến hành,8.4,97,2024,24 Tập,https://animehay.biz/thong-tin-phim/2-5-jigen-no-ririsa-4100.html
4099,11/??,Quality Assurance in Another World,Anime,Đang tiến hành,6.7,49,2024,?? Tập,https://animehay.biz/thong-tin-phim/quality-assurance-in-another-world-4099.html
4099,11/??,Quality Assurance in Another World,Hành động,Đang tiến hành,6.7,49,2024,?? Tập,https://animehay.biz/thong-tin-phim/quality-assurance-in-another-world-4099.html
4099,11/??,Quality Assurance in Another World,Siêu nhiên,Đang tiến hành,6.7,49,2024,?? Tập,https://animehay.biz/thong-tin-phim/quality-assurance-in-another-world-4099.html
4099,11/??,Quality Assurance in Another World,Phiêu lưu,Đang tiến hành,6.7,49,2024,?? Tập,https://animehay.biz/thong-tin-phim/quality-assurance-in-another-world-4099.html
4099,11/??,Quality Assurance in Another World,Viễn tưởng,Đang tiến hành,6.7,49,2024,?? Tập,https://animehay.biz/thong-tin-phim/quality-assurance-in-another-world-4099.html
3078,119/124,Phàm Nhân Tu Tiên,CN Animation,Đang tiến hành,9.4,1987,2020,124 Tập,https://animehay.biz/thong-tin-phim/pham-nhan-tu-tien-3078.html
3078,119/124,Phàm Nhân Tu Tiên,Tiên hiệp,Đang tiến hành,9.4,1987,2020,124 Tập,https://animehay.biz/thong-tin-phim/pham-nhan-tu-tien-3078.html
3078,119/124,Phàm Nhân Tu Tiên,Huyền ảo,Đang tiến hành,9.4,1987,2020,124 Tập,https://animehay.biz/thong-tin-phim/pham-nhan-tu-tien-3078.html
4125,10/24,Thần Võ Thiên Tôn,CN Animation,Đang tiến hành,6.6,76,2024,24 Tập,https://animehay.biz/thong-tin-phim/than-vo-thien-ton-4125.html
4125,10/24,Thần Võ Thiên Tôn,Tiên hiệp,Đang tiến hành,6.6,76,2024,24 Tập,https://animehay.biz/thong-tin-phim/than-vo-thien-ton-4125.html
4125,10/24,Thần Võ Thiên Tôn,Xuyên không,Đang tiến hành,6.6,76,2024,24 Tập,https://animehay.biz/thong-tin-phim/than-vo-thien-ton-4125.html
4125,10/24,Thần Võ Thiên Tôn,Huyền ảo,Đang tiến hành,6.6,76,2024,24 Tập,https://animehay.biz/thong-tin-phim/than-vo-thien-ton-4125.html
3559,23/43,Thần Mộ,CN Animation,Hoàn thành,9.3,541,2022,43 Tập,https://animehay.biz/thong-tin-phim/than-mo-3559.html
3559,23/43,Thần Mộ,Tiên hiệp,Hoàn thành,9.3,541,2022,43 Tập,https://animehay.biz/thong-tin-phim/than-mo-3559.html
3559,23/43,Thần Mộ,Trùng sinh,Hoàn thành,9.3,541,2022,43 Tập,https://animehay.biz/thong-tin-phim/than-mo-3559.html
3559,23/43,Thần Mộ,Huyền ảo,Hoàn thành,9.3,541,2022,43 Tập,https://animehay.biz/thong-tin-phim/than-mo-3559.html
4097,11/??,Tasogare Outfocus,Anime,Đang tiến hành,3.2,119,2024,?? Tập,https://animehay.biz/thong-tin-phim/tasogare-outfocus-4097.html
4097,11/??,Tasogare Outfocus,Học đường,Đang tiến hành,3.2,119,2024,?? Tập,https://animehay.biz/thong-tin-phim/tasogare-outfocus-4097.html
4097,11/??,Tasogare Outfocus,Đời thường,Đang tiến hành,3.2,119,2024,?? Tập,https://animehay.biz/thong-tin-phim/tasogare-outfocus-4097.html
3994,22/37,Sengoku Youko,Anime,Đang tiến hành,7.2,83,2024,37 Tập,https://animehay.biz/thong-tin-phim/sengoku-youko-3994.html
3994,22/37,Sengoku Youko,Hành động,Đang tiến hành,7.2,83,2024,37 Tập,https://animehay.biz/thong-tin-phim/sengoku-youko-3994.html
3994,22/37,Sengoku Youko,Giả tưởng,Đang tiến hành,7.2,83,2024,37 Tập,https://animehay.biz/thong-tin-phim/sengoku-youko-3994.html
3994,22/37,Sengoku Youko,Shounen,Đang tiến hành,7.2,83,2024,37 Tập,https://animehay.biz/thong-tin-phim/sengoku-youko-3994.html
3994,22/37,Sengoku Youko,Drama,Đang tiến hành,7.2,83,2024,37 Tập,https://animehay.biz/thong-tin-phim/sengoku-youko-3994.html
3994,22/37,Sengoku Youko,Siêu nhiên,Đang tiến hành,7.2,83,2024,37 Tập,https://animehay.biz/thong-tin-phim/sengoku-youko-3994.html
3994,22/37,Sengoku Youko,Phiêu lưu,Đang tiến hành,7.2,83,2024,37 Tập,https://animehay.biz/thong-tin-phim/sengoku-youko-3994.html
3801,66/104,Đấu La Đại Lục 2 Tuyệt Thế Đường Môn,CN Animation,Đang tiến hành,7.6,722,2023,104 Tập,https://animehay.biz/thong-tin-phim/dau-la-dai-luc-2-tuyet-the-duong-mon-3801.html
3801,66/104,Đấu La Đại Lục 2 Tuyệt Thế Đường Môn,Huyền ảo,Đang tiến hành,7.6,722,2023,104 Tập,https://animehay.biz/thong-tin-phim/dau-la-dai-luc-2-tuyet-the-duong-mon-3801.html
3801,66/104,Đấu La Đại Lục 2 Tuyệt Thế Đường Môn,Dị giới,Đang tiến hành,7.6,722,2023,104 Tập,https://animehay.biz/thong-tin-phim/dau-la-dai-luc-2-tuyet-the-duong-mon-3801.html
3641,94/104,Bách Luyện Thành Thần,CN Animation,Đang tiến hành,8.4,648,2022,104 Tập,https://animehay.biz/thong-tin-phim/bach-luyen-thanh-than-3641.html
3641,94/104,Bách Luyện Thành Thần,Kiếm hiệp,Đang tiến hành,8.4,648,2022,104 Tập,https://animehay.biz/thong-tin-phim/bach-luyen-thanh-than-3641.html
3641,94/104,Bách Luyện Thành Thần,Huyền ảo,Đang tiến hành,8.4,648,2022,104 Tập,https://animehay.biz/thong-tin-phim/bach-luyen-thanh-than-3641.html
3641,94/104,Bách Luyện Thành Thần,Dị giới,Đang tiến hành,8.4,648,2022,104 Tập,https://animehay.biz/thong-tin-phim/bach-luyen-thanh-than-3641.html
3441,48/56,Vĩnh Sinh,CN Animation,Đang tiến hành,9.1,619,2022,56 Tập,https://animehay.biz/thong-tin-phim/vinh-sinh-3441.html
3441,48/56,Vĩnh Sinh,Tiên hiệp,Đang tiến hành,9.1,619,2022,56 Tập,https://animehay.biz/thong-tin-phim/vinh-sinh-3441.html
3441,48/56,Vĩnh Sinh,Huyền ảo,Đang tiến hành,9.1,619,2022,56 Tập,https://animehay.biz/thong-tin-phim/vinh-sinh-3441.html
3441,48/56,Vĩnh Sinh,Võ hiệp,Đang tiến hành,9.1,619,2022,56 Tập,https://animehay.biz/thong-tin-phim/vinh-sinh-3441.html
4096,10/??,Hazure Waku no [Joutai Ijou Skill] de Saikyou ni Natta Ore ga Subete wo Juurin Suru made,Anime,Đang tiến hành,8.2,212,2024,?? Tập,https://animehay.biz/thong-tin-phim/hazure-waku-no-joutai-ijou-skill-de-saikyou-ni-natta-ore-ga-subete-wo-juurin-suru-made-4096.html
4096,10/??,Hazure Waku no [Joutai Ijou Skill] de Saikyou ni Natta Ore ga Subete wo Juurin Suru made,Hành động,Đang tiến hành,8.2,212,2024,?? Tập,https://animehay.biz/thong-tin-phim/hazure-waku-no-joutai-ijou-skill-de-saikyou-ni-natta-ore-ga-subete-wo-juurin-suru-made-4096.html
4096,10/??,Hazure Waku no [Joutai Ijou Skill] de Saikyou ni Natta Ore ga Subete wo Juurin Suru made,Drama,Đang tiến hành,8.2,212,2024,?? Tập,https://animehay.biz/thong-tin-phim/hazure-waku-no-joutai-ijou-skill-de-saikyou-ni-natta-ore-ga-subete-wo-juurin-suru-made-4096.html
4096,10/??,Hazure Waku no [Joutai Ijou Skill] de Saikyou ni Natta Ore ga Subete wo Juurin Suru made,Siêu nhiên,Đang tiến hành,8.2,212,2024,?? Tập,https://animehay.biz/thong-tin-phim/hazure-waku-no-joutai-ijou-skill-de-saikyou-ni-natta-ore-ga-subete-wo-juurin-suru-made-4096.html
4096,10/??,Hazure Waku no [Joutai Ijou Skill] de Saikyou ni Natta Ore ga Subete wo Juurin Suru made,Phiêu lưu,Đang tiến hành,8.2,212,2024,?? Tập,https://animehay.biz/thong-tin-phim/hazure-waku-no-joutai-ijou-skill-de-saikyou-ni-natta-ore-ga-subete-wo-juurin-suru-made-4096.html
4132,6/6,Toàn Chức Pháp Sư OVA Lời uỷ thác thần bí,CN Animation,Hoàn thành,9.2,33,2024,6 Tập,https://animehay.biz/thong-tin-phim/toan-chuc-phap-su-ova-loi-uy-thac-than-bi-4132.html
4132,6/6,Toàn Chức Pháp Sư OVA Lời uỷ thác thần bí,Huyền ảo,Hoàn thành,9.2,33,2024,6 Tập,https://animehay.biz/thong-tin-phim/toan-chuc-phap-su-ova-loi-uy-thac-than-bi-4132.html
4132,6/6,Toàn Chức Pháp Sư OVA Lời uỷ thác thần bí,Dị giới,Hoàn thành,9.2,33,2024,6 Tập,https://animehay.biz/thong-tin-phim/toan-chuc-phap-su-ova-loi-uy-thac-than-bi-4132.html
4094,11/??,Giji Harem,Anime,Đang tiến hành,8.7,107,2024,?? Tập,https://animehay.biz/thong-tin-phim/giji-harem-4094.html
4094,11/??,Giji Harem,Học đường,Đang tiến hành,8.7,107,2024,?? Tập,https://animehay.biz/thong-tin-phim/giji-harem-4094.html
4094,11/??,Giji Harem,Đời thường,Đang tiến hành,8.7,107,2024,?? Tập,https://animehay.biz/thong-tin-phim/giji-harem-4094.html
4094,11/??,Giji Harem,Shounen,Đang tiến hành,8.7,107,2024,?? Tập,https://animehay.biz/thong-tin-phim/giji-harem-4094.html
4092,11/??,Shikanoko Nokonoko Koshitantan,Anime,Đang tiến hành,8.4,121,2024,?? Tập,https://animehay.biz/thong-tin-phim/shikanoko-nokonoko-koshitantan-4092.html
4092,11/??,Shikanoko Nokonoko Koshitantan,Hài hước,Đang tiến hành,8.4,121,2024,?? Tập,https://animehay.biz/thong-tin-phim/shikanoko-nokonoko-koshitantan-4092.html
4092,11/??,Shikanoko Nokonoko Koshitantan,Học đường,Đang tiến hành,8.4,121,2024,?? Tập,https://animehay.biz/thong-tin-phim/shikanoko-nokonoko-koshitantan-4092.html
4093,11/12,Gimai Seikatsu,Anime,Đang tiến hành,8.9,157,2024,12 Tập,https://animehay.biz/thong-tin-phim/gimai-seikatsu-4093.html
4093,11/12,Gimai Seikatsu,Tình cảm,Đang tiến hành,8.9,157,2024,12 Tập,https://animehay.biz/thong-tin-phim/gimai-seikatsu-4093.html
4085,12/12,Maou Gun Saikyou No Majutsushi Wa Ningen Datta,Anime,Hoàn thành,7.2,125,2024,12 Tập,https://animehay.biz/thong-tin-phim/maou-gun-saikyou-no-majutsushi-wa-ningen-datta-4085.html
4085,12/12,Maou Gun Saikyou No Majutsushi Wa Ningen Datta,Hành động,Hoàn thành,7.2,125,2024,12 Tập,https://animehay.biz/thong-tin-phim/maou-gun-saikyou-no-majutsushi-wa-ningen-datta-4085.html
4085,12/12,Maou Gun Saikyou No Majutsushi Wa Ningen Datta,Siêu nhiên,Hoàn thành,7.2,125,2024,12 Tập,https://animehay.biz/thong-tin-phim/maou-gun-saikyou-no-majutsushi-wa-ningen-datta-4085.html
4085,12/12,Maou Gun Saikyou No Majutsushi Wa Ningen Datta,Xuyên không,Hoàn thành,7.2,125,2024,12 Tập,https://animehay.biz/thong-tin-phim/maou-gun-saikyou-no-majutsushi-wa-ningen-datta-4085.html
3708,54/91,Sư Huynh À Sư Huynh,CN Animation,Đang tiến hành,9.4,779,2023,91 Tập,https://animehay.biz/thong-tin-phim/su-huynh-a-su-huynh-3708.html
3708,54/91,Sư Huynh À Sư Huynh,Kiếm hiệp,Đang tiến hành,9.4,779,2023,91 Tập,https://animehay.biz/thong-tin-phim/su-huynh-a-su-huynh-3708.html
3708,54/91,Sư Huynh À Sư Huynh,Huyền ảo,Đang tiến hành,9.4,779,2023,91 Tập,https://animehay.biz/thong-tin-phim/su-huynh-a-su-huynh-3708.html
3708,54/91,Sư Huynh À Sư Huynh,[CNA] Hài hước,Đang tiến hành,9.4,779,2023,91 Tập,https://animehay.biz/thong-tin-phim/su-huynh-a-su-huynh-3708.html
3247,180/182,Thế Giới Hoàn Mỹ,CN Animation,Đang tiến hành,9.2,2525,2021,182 Tập,https://animehay.biz/thong-tin-phim/the-gioi-hoan-my-3247.html
3247,180/182,Thế Giới Hoàn Mỹ,Tiên hiệp,Đang tiến hành,9.2,2525,2021,182 Tập,https://animehay.biz/thong-tin-phim/the-gioi-hoan-my-3247.html
3247,180/182,Thế Giới Hoàn Mỹ,Kiếm hiệp,Đang tiến hành,9.2,2525,2021,182 Tập,https://animehay.biz/thong-tin-phim/the-gioi-hoan-my-3247.html
3247,180/182,Thế Giới Hoàn Mỹ,Huyền ảo,Đang tiến hành,9.2,2525,2021,182 Tập,https://animehay.biz/thong-tin-phim/the-gioi-hoan-my-3247.html
4091,11/12,Tokidoki Bosotto Russia-go de Dereru Tonari no Alya-san,Anime,Đang tiến hành,9.2,360,2024,12 Tập,https://animehay.biz/thong-tin-phim/tokidoki-bosotto-russia-go-de-dereru-tonari-no-alya-san-4091.html
4091,11/12,Tokidoki Bosotto Russia-go de Dereru Tonari no Alya-san,Hài hước,Đang tiến hành,9.2,360,2024,12 Tập,https://animehay.biz/thong-tin-phim/tokidoki-bosotto-russia-go-de-dereru-tonari-no-alya-san-4091.html
4091,11/12,Tokidoki Bosotto Russia-go de Dereru Tonari no Alya-san,Tình cảm,Đang tiến hành,9.2,360,2024,12 Tập,https://animehay.biz/thong-tin-phim/tokidoki-bosotto-russia-go-de-dereru-tonari-no-alya-san-4091.html
4091,11/12,Tokidoki Bosotto Russia-go de Dereru Tonari no Alya-san,Học đường,Đang tiến hành,9.2,360,2024,12 Tập,https://animehay.biz/thong-tin-phim/tokidoki-bosotto-russia-go-de-dereru-tonari-no-alya-san-4091.html
3506,124/156,Thần Ấn Vương Tọa,CN Animation,Đang tiến hành,8.8,1591,2022,156 Tập,https://animehay.biz/thong-tin-phim/than-an-vuong-toa-3506.html
3506,124/156,Thần Ấn Vương Tọa,Huyền ảo,Đang tiến hành,8.8,1591,2022,156 Tập,https://animehay.biz/thong-tin-phim/than-an-vuong-toa-3506.html
3506,124/156,Thần Ấn Vương Tọa,Dị giới,Đang tiến hành,8.8,1591,2022,156 Tập,https://animehay.biz/thong-tin-phim/than-an-vuong-toa-3506.html
4081,26/26,Nguyên Tôn,Huyền ảo,Hoàn thành,8.9,198,2024,26 Tập,https://animehay.biz/thong-tin-phim/nguyen-ton-4081.html
4081,26/26,Nguyên Tôn,CN Animation,Hoàn thành,8.9,198,2024,26 Tập,https://animehay.biz/thong-tin-phim/nguyen-ton-4081.html
4081,26/26,Nguyên Tôn,Tiên hiệp,Hoàn thành,8.9,198,2024,26 Tập,https://animehay.biz/thong-tin-phim/nguyen-ton-4081.html
4134, 114 phút,Doraemon Movie 43 Nobita Và Bản Giao Hưởng Địa Cầu,Anime,Hoàn thành,8.7,22,2024,114 phút,https://animehay.biz/thong-tin-phim/doraemon-movie-43-nobita-va-ban-giao-huong-dia-cau-4134.html
4134, 114 phút,Doraemon Movie 43 Nobita Và Bản Giao Hưởng Địa Cầu,Hài hước,Hoàn thành,8.7,22,2024,114 phút,https://animehay.biz/thong-tin-phim/doraemon-movie-43-nobita-va-ban-giao-huong-dia-cau-4134.html
4134, 114 phút,Doraemon Movie 43 Nobita Và Bản Giao Hưởng Địa Cầu,Siêu nhiên,Hoàn thành,8.7,22,2024,114 phút,https://animehay.biz/thong-tin-phim/doraemon-movie-43-nobita-va-ban-giao-huong-dia-cau-4134.html
4134, 114 phút,Doraemon Movie 43 Nobita Và Bản Giao Hưởng Địa Cầu,Phiêu lưu,Hoàn thành,8.7,22,2024,114 phút,https://animehay.biz/thong-tin-phim/doraemon-movie-43-nobita-va-ban-giao-huong-dia-cau-4134.html
4121,8/??,Senpai wa Otokonoko,Anime,Đang tiến hành,5.6,23,2024,?? Tập,https://animehay.biz/thong-tin-phim/senpai-wa-otokonoko-4121.html
4121,8/??,Senpai wa Otokonoko,Tình cảm,Đang tiến hành,5.6,23,2024,?? Tập,https://animehay.biz/thong-tin-phim/senpai-wa-otokonoko-4121.html
4121,8/??,Senpai wa Otokonoko,Học đường,Đang tiến hành,5.6,23,2024,?? Tập,https://animehay.biz/thong-tin-phim/senpai-wa-otokonoko-4121.html
4050,12/12,Henjin no Salad Bowl,Anime,Hoàn thành,7.6,51,2024,12 Tập,https://animehay.biz/thong-tin-phim/henjin-no-salad-bowl-4050.html
4050,12/12,Henjin no Salad Bowl,Hài hước,Hoàn thành,7.6,51,2024,12 Tập,https://animehay.biz/thong-tin-phim/henjin-no-salad-bowl-4050.html
4050,12/12,Henjin no Salad Bowl,Giả tưởng,Hoàn thành,7.6,51,2024,12 Tập,https://animehay.biz/thong-tin-phim/henjin-no-salad-bowl-4050.html
4113,9/??,The Elusive Samurai,Anime,Đang tiến hành,8.0,74,2024,?? Tập,https://animehay.biz/thong-tin-phim/the-elusive-samurai-4113.html
4113,9/??,The Elusive Samurai,Hành động,Đang tiến hành,8.0,74,2024,?? Tập,https://animehay.biz/thong-tin-phim/the-elusive-samurai-4113.html
4113,9/??,The Elusive Samurai,Lịch sử,Đang tiến hành,8.0,74,2024,?? Tập,https://animehay.biz/thong-tin-phim/the-elusive-samurai-4113.html
4113,9/??,The Elusive Samurai,Drama,Đang tiến hành,8.0,74,2024,?? Tập,https://animehay.biz/thong-tin-phim/the-elusive-samurai-4113.html
4113,9/??,The Elusive Samurai,Phiêu lưu,Đang tiến hành,8.0,74,2024,?? Tập,https://animehay.biz/thong-tin-phim/the-elusive-samurai-4113.html
4113,9/??,The Elusive Samurai,Samurai,Đang tiến hành,8.0,74,2024,?? Tập,https://animehay.biz/thong-tin-phim/the-elusive-samurai-4113.html
2420,380/380,Yêu Thần Ký,CN Animation,Hoàn thành,8.9,3863,2017,380 Tập,https://animehay.biz/thong-tin-phim/yeu-than-ky-2420.html
2420,380/380,Yêu Thần Ký,Huyền ảo,Hoàn thành,8.9,3863,2017,380 Tập,https://animehay.biz/thong-tin-phim/yeu-than-ky-2420.html
2420,380/380,Yêu Thần Ký,Trùng sinh,Hoàn thành,8.9,3863,2017,380 Tập,https://animehay.biz/thong-tin-phim/yeu-than-ky-2420.html
4079,16/16,Huyễn Sủng Sư,CN Animation,Hoàn thành,7.7,157,2024,16 Tập,https://animehay.biz/thong-tin-phim/huyen-sung-su-4079.html
4079,16/16,Huyễn Sủng Sư,Huyền ảo,Hoàn thành,7.7,157,2024,16 Tập,https://animehay.biz/thong-tin-phim/huyen-sung-su-4079.html
4079,16/16,Huyễn Sủng Sư,Dị giới,Hoàn thành,7.7,157,2024,16 Tập,https://animehay.biz/thong-tin-phim/huyen-sung-su-4079.html
4033,OVA 2/12,Yuru Camp△ Season 3,Anime,Hoàn thành,7.9,42,2024,12 Tập,https://animehay.biz/thong-tin-phim/yuru-camp-season-3-4033.html
4033,OVA 2/12,Yuru Camp△ Season 3,Đời thường,Hoàn thành,7.9,42,2024,12 Tập,https://animehay.biz/thong-tin-phim/yuru-camp-season-3-4033.html
4105,7/??,Plus-Sized Elf,Anime,Đang tiến hành,4.0,56,2024,?? Tập,https://animehay.biz/thong-tin-phim/plus-sized-elf-4105.html
4105,7/??,Plus-Sized Elf,Tình cảm,Đang tiến hành,4.0,56,2024,?? Tập,https://animehay.biz/thong-tin-phim/plus-sized-elf-4105.html
4105,7/??,Plus-Sized Elf,Harem,Đang tiến hành,4.0,56,2024,?? Tập,https://animehay.biz/thong-tin-phim/plus-sized-elf-4105.html
4105,7/??,Plus-Sized Elf,Siêu nhiên,Đang tiến hành,4.0,56,2024,?? Tập,https://animehay.biz/thong-tin-phim/plus-sized-elf-4105.html
4080,17/17,Toàn Chức Cao Thủ Phần 3,Trò chơi,Hoàn thành,9.3,144,2024,17 Tập,https://animehay.biz/thong-tin-phim/toan-chuc-cao-thu-phan-3-4080.html
4080,17/17,Toàn Chức Cao Thủ Phần 3,CN Animation,Hoàn thành,9.3,144,2024,17 Tập,https://animehay.biz/thong-tin-phim/toan-chuc-cao-thu-phan-3-4080.html
3885,28/28,Kengan Ashura 3nd Season,Anime,Hoàn thành,8.3,52,2023,28 Tập,https://animehay.biz/thong-tin-phim/kengan-ashura-3nd-season-3885.html
3885,28/28,Kengan Ashura 3nd Season,Hành động,Hoàn thành,8.3,52,2023,28 Tập,https://animehay.biz/thong-tin-phim/kengan-ashura-3nd-season-3885.html
3885,28/28,Kengan Ashura 3nd Season,Võ thuật,Hoàn thành,8.3,52,2023,28 Tập,https://animehay.biz/thong-tin-phim/kengan-ashura-3nd-season-3885.html
4075,16/16,Kim Ngô Vệ,Hành động,Hoàn thành,6.1,46,2024,16 Tập,https://animehay.biz/thong-tin-phim/kim-ngo-ve-4075.html
4075,16/16,Kim Ngô Vệ,Thám tử,Hoàn thành,6.1,46,2024,16 Tập,https://animehay.biz/thong-tin-phim/kim-ngo-ve-4075.html
4075,16/16,Kim Ngô Vệ,CN Animation,Hoàn thành,6.1,46,2024,16 Tập,https://animehay.biz/thong-tin-phim/kim-ngo-ve-4075.html
4075,16/16,Kim Ngô Vệ,Huyền ảo,Hoàn thành,6.1,46,2024,16 Tập,https://animehay.biz/thong-tin-phim/kim-ngo-ve-4075.html
4087,10/??,Suicide Squad ISEKAI,Anime,Đang tiến hành,8.1,80,2024,?? Tập,https://animehay.biz/thong-tin-phim/suicide-squad-isekai-4087.html
4087,10/??,Suicide Squad ISEKAI,Hành động,Đang tiến hành,8.1,80,2024,?? Tập,https://animehay.biz/thong-tin-phim/suicide-squad-isekai-4087.html
4087,10/??,Suicide Squad ISEKAI,Xuyên không,Đang tiến hành,8.1,80,2024,?? Tập,https://animehay.biz/thong-tin-phim/suicide-squad-isekai-4087.html
3897,39/39,Captain Tsubasa Season 2: Junior Youth-hen,Anime,Hoàn thành,7.2,74,2023,39 Tập,https://animehay.biz/thong-tin-phim/captain-tsubasa-season-2-junior-youth-hen-3897.html
3897,39/39,Captain Tsubasa Season 2: Junior Youth-hen,Thể thao,Hoàn thành,7.2,74,2023,39 Tập,https://animehay.biz/thong-tin-phim/captain-tsubasa-season-2-junior-youth-hen-3897.html
3565,52/52,Tru Tiên,CN Animation,Đang tiến hành,8.9,1088,2022,52 Tập,https://animehay.biz/thong-tin-phim/tru-tien-3565.html
3565,52/52,Tru Tiên,Tiên hiệp,Đang tiến hành,8.9,1088,2022,52 Tập,https://animehay.biz/thong-tin-phim/tru-tien-3565.html
3565,52/52,Tru Tiên,Kiếm hiệp,Đang tiến hành,8.9,1088,2022,52 Tập,https://animehay.biz/thong-tin-phim/tru-tien-3565.html
3565,52/52,Tru Tiên,Huyền ảo,Đang tiến hành,8.9,1088,2022,52 Tập,https://animehay.biz/thong-tin-phim/tru-tien-3565.html
3259,30/30,Quyến Tư Lượng,CN Animation,Hoàn thành,9.1,389,2021,30 Tập,https://animehay.biz/thong-tin-phim/quyen-tu-luong-3259.html
3259,30/30,Quyến Tư Lượng,Tiên hiệp,Hoàn thành,9.1,389,2021,30 Tập,https://animehay.biz/thong-tin-phim/quyen-tu-luong-3259.html
3259,30/30,Quyến Tư Lượng,Huyền ảo,Hoàn thành,9.1,389,2021,30 Tập,https://animehay.biz/thong-tin-phim/quyen-tu-luong-3259.html
4128,6/6,Kimi ni Todoke 3nd Season,Anime,Hoàn thành,9.0,29,2024,6 Tập,https://animehay.biz/thong-tin-phim/kimi-ni-todoke-3nd-season-4128.html
4128,6/6,Kimi ni Todoke 3nd Season,Tình cảm,Hoàn thành,9.0,29,2024,6 Tập,https://animehay.biz/thong-tin-phim/kimi-ni-todoke-3nd-season-4128.html
4128,6/6,Kimi ni Todoke 3nd Season,Học đường,Hoàn thành,9.0,29,2024,6 Tập,https://animehay.biz/thong-tin-phim/kimi-ni-todoke-3nd-season-4128.html
4128,6/6,Kimi ni Todoke 3nd Season,Đời thường,Hoàn thành,9.0,29,2024,6 Tập,https://animehay.biz/thong-tin-phim/kimi-ni-todoke-3nd-season-4128.html
4128,6/6,Kimi ni Todoke 3nd Season,Shoujo,Hoàn thành,9.0,29,2024,6 Tập,https://animehay.biz/thong-tin-phim/kimi-ni-todoke-3nd-season-4128.html
4126, 110 phút,SPY×FAMILY CODE: White,Anime,Hoàn thành,9.3,54,2024,110 phút,https://animehay.biz/thong-tin-phim/spy-family-code-white-4126.html
4126, 110 phút,SPY×FAMILY CODE: White,Hành động,Hoàn thành,9.3,54,2024,110 phút,https://animehay.biz/thong-tin-phim/spy-family-code-white-4126.html
4126, 110 phút,SPY×FAMILY CODE: White,Hài hước,Hoàn thành,9.3,54,2024,110 phút,https://animehay.biz/thong-tin-phim/spy-family-code-white-4126.html
4126, 110 phút,SPY×FAMILY CODE: White,Đời thường,Hoàn thành,9.3,54,2024,110 phút,https://animehay.biz/thong-tin-phim/spy-family-code-white-4126.html
3799,30/30,Thương Nguyên Đồ,CN Animation,Đang tiến hành,9.6,911,2023,30 Tập,https://animehay.biz/thong-tin-phim/thuong-nguyen-do-3799.html
3799,30/30,Thương Nguyên Đồ,Huyền ảo,Đang tiến hành,9.6,911,2023,30 Tập,https://animehay.biz/thong-tin-phim/thuong-nguyen-do-3799.html
4046,12/12,Vampire Dormitory,Anime,Hoàn thành,5.9,32,2024,12 Tập,https://animehay.biz/thong-tin-phim/vampire-dormitory-4046.html
4046,12/12,Vampire Dormitory,Tình cảm,Hoàn thành,5.9,32,2024,12 Tập,https://animehay.biz/thong-tin-phim/vampire-dormitory-4046.html
4046,12/12,Vampire Dormitory,Siêu nhiên,Hoàn thành,5.9,32,2024,12 Tập,https://animehay.biz/thong-tin-phim/vampire-dormitory-4046.html
4046,12/12,Vampire Dormitory,Ma cà rồng,Hoàn thành,5.9,32,2024,12 Tập,https://animehay.biz/thong-tin-phim/vampire-dormitory-4046.html
4067,16/16,Phản Diện Tái Sinh,CN Animation,Hoàn thành,7.9,96,2024,16 Tập,https://animehay.biz/thong-tin-phim/phan-dien-tai-sinh-4067.html
4067,16/16,Phản Diện Tái Sinh,Trùng sinh,Hoàn thành,7.9,96,2024,16 Tập,https://animehay.biz/thong-tin-phim/phan-dien-tai-sinh-4067.html
4070,13/??,Hồi Minh: Phong Hỏa Tam Nguyệt,CN Animation,Đang tiến hành,8.0,128,2024,?? Tập,https://animehay.biz/thong-tin-phim/hoi-minh-phong-hoa-tam-nguyet-4070.html
4070,13/??,Hồi Minh: Phong Hỏa Tam Nguyệt,Xuyên không,Đang tiến hành,8.0,128,2024,?? Tập,https://animehay.biz/thong-tin-phim/hoi-minh-phong-hoa-tam-nguyet-4070.html
4070,13/??,Hồi Minh: Phong Hỏa Tam Nguyệt,Huyền ảo,Đang tiến hành,8.0,128,2024,?? Tập,https://animehay.biz/thong-tin-phim/hoi-minh-phong-hoa-tam-nguyet-4070.html
